"Accessibility_ID","Version","Review_Date","File_or_Section","Heading_Structure","Plain_Language","Acroynms_Defined","Tables_Understandable","Links_Descriptive","Color_Independent","Graphics_Have_Text_Alternative","Keyboard_or_Screen_Reader_Concern","Review_Status","Corrective_Action","Reviewed_By","Verification_Date","Notes"
"ACC-0001","1.0.0","2026-08-01","01-etf-fundamentals/01_What_Is_an_ETF.md","Pass","No Automated Concern","Pending Manual Review","Pending Manual Review","No Automated Concern","Pass","No Missing Alt Text Detected","No Automated Concern","Automated Checks Passed","","Pending Manual Reviewer","",""
"ACC-0002","1.0.0","2026-08-01","01-etf-fundamentals/02_ETF_Costs_and_Trading.md","Pass","No Automated Concern","Pending Manual Review","Pending Manual Review","No Automated Concern","Pass","No Missing Alt Text Detected","No Automated Concern","Automated Checks Passed","","Pending Manual Reviewer","",""
"ACC-0003","1.0.0","2026-08-01","01-etf-fundamentals/03_Diversification_Risk_and_Drawdowns.md","Pass","No Automated Concern","Pending Manual Review","Pending Manual Review","No Automated Concern","Pass","No Missing Alt Text Detected","No Automated Concern","Automated Checks Passed","","Pending Manual Reviewer","",""
"ACC-0004","1.0.0","2026-08-01","01-etf-fundamentals/04_ETF_Types_and_Index_Construction.md","Pass","No Automated Concern","Pending Manual Review","Pending Manual Review","No Automated Concern","Pass","No Missing Alt Text Detected","No Automated Concern","Automated Checks Passed","","Pending Manual Reviewer","",""
"ACC-0005","1.0.0","2026-08-01","01-etf-fundamentals/05_ETF_Domicile_Distribution_Tax_and_Cross_Border_Due_Diligence.md","Pass","Manual Review","Pending Manual Review","Pending Manual Review","No Automated Concern","Pass","No Missing Alt Text Detected","No Automated Concern","Pending Manual Review","","Pending Manual Reviewer","","1 line(s) exceed 240 characters and should be reviewed for readability."
"ACC-0006","1.0.0","2026-08-01","01-etf-fundamentals/06_ETF_Liquidity_Premiums_Discounts_and_Execution_Controls.md","Pass","Manual Review","Pending Manual Review","Pending Manual Review","No Automated Concern","Pass","No Missing Alt Text Detected","No Automated Concern","Pending Manual Review","","Pending Manual Reviewer","","1 line(s) exceed 240 characters and should be reviewed for readability."
"ACC-0007","1.0.0","2026-08-01","01-etf-fundamentals/07_ETF_Index_Methodology_Tracking_Difference_and_Benchmark_Governance.md","Pass","Manual Review","Pending Manual Review","Pending Manual Review","No Automated Concern","Pass","No Missing Alt Text Detected","No Automated Concern","Pending Manual Review","","Pending Manual Reviewer","","1 line(s) exceed 240 characters and should be reviewed for readability."
"ACC-0008","1.0.0","2026-08-01","01-etf-fundamentals/08_ETF_Securities_Lending_Derivatives_Counterparty_and_Collateral_Risk.md","Pass","Manual Review","Pending Manual Review","Pending Manual Review","No Automated Concern","Pass","No Missing Alt Text Detected","No Automated Concern","Pending Manual Review","","Pending Manual Reviewer","","1 line(s) exceed 240 characters and should be reviewed for readability."
"ACC-0009","1.0.0","2026-08-01","01-etf-fundamentals/09_ETF_Fund_Closure_Merger_Delisting_and_Exit_Transition_Planning.md","Pass","Manual Review","Pending Manual Review","Pending Manual Review","No Automated Concern","Pass","No Missing Alt Text Detected","No Automated Concern","Pending Manual Review","","Pending Manual Reviewer","","1 line(s) exceed 240 characters and should be reviewed for readability."
"ACC-0010","1.0.0","2026-08-01","01-etf-fundamentals/ETF_Fundamentals_Notes.md","Pass","No Automated Concern","Pending Manual Review","Pending Manual Review","No Automated Concern","Pass","No Missing Alt Text Detected","No Automated Concern","Automated Checks Passed","","Pending Manual Reviewer","",""
"ACC-0011","1.0.0","2026-08-01","02-colombia-investments/01_Colombia_Investment_Landscape.md","Pass","No Automated Concern","Pending Manual Review","Pending Manual Review","No Automated Concern","Pass","No Missing Alt Text Detected","No Automated Concern","Automated Checks Passed","","Pending Manual Reviewer","",""
"ACC-0012","1.0.0","2026-08-01","02-colombia-investments/02_CDTs_Fixed_Income_and_Interest_Rate_Risk.md","Pass","No Automated Concern","Pending Manual Review","Pending Manual Review","No Automated Concern","Pass","No Missing Alt Text Detected","No Automated Concern","Automated Checks Passed","","Pending Manual Reviewer","",""
"ACC-0013","1.0.0","2026-08-01","02-colombia-investments/03_Brokers_Platforms_and_Account_Safety.md","Pass","No Automated Concern","Pending Manual Review","Pending Manual Review","No Automated Concern","Pass","No Missing Alt Text Detected","No Automated Concern","Automated Checks Passed","","Pending Manual Reviewer","",""
"ACC-0014","1.0.0","2026-08-01","02-colombia-investments/Colombia_Investment_Options.md","Pass","No Automated Concern","Pending Manual Review","Pending Manual Review","No Automated Concern","Pass","No Missing Alt Text Detected","No Automated Concern","Automated Checks Passed","","Pending Manual Reviewer","",""
"ACC-0015","1.0.0","2026-08-01","03-cross-border-tax/01_Cross_Border_Tax_and_Reporting_Checklist.md","Pass","No Automated Concern","Pending Manual Review","Pending Manual Review","No Automated Concern","Pass","No Missing Alt Text Detected","No Automated Concern","Automated Checks Passed","","Pending Manual Reviewer","",""
"ACC-0016","1.0.0","2026-08-01","03-cross-border-tax/02_Estate_Beneficiary_and_Incapacity_Planning.md","Pass","No Automated Concern","Pending Manual Review","Pending Manual Review","No Automated Concern","Pass","No Missing Alt Text Detected","No Automated Concern","Automated Checks Passed","","Pending Manual Reviewer","",""
"ACC-0017","1.0.0","2026-08-01","03-cross-border-tax/04_Tax_Documentation_Filing_Readiness_and_Audit_Trail.md","Pass","Manual Review","Pending Manual Review","Pending Manual Review","No Automated Concern","Pass","No Missing Alt Text Detected","No Automated Concern","Pending Manual Review","","Pending Manual Reviewer","","1 line(s) exceed 240 characters and should be reviewed for readability."
"ACC-0018","1.0.0","2026-08-01","03-cross-border-tax/05_Foreign_Exchange_Cross_Border_Transfers_and_Multi_Currency_Cash_Management.md","Pass","No Automated Concern","Pending Manual Review","Pending Manual Review","No Automated Concern","Pass","No Missing Alt Text Detected","No Automated Concern","Automated Checks Passed","","Pending Manual Reviewer","",""
"ACC-0019","1.0.0","2026-08-01","03-cross-border-tax/Questions_for_Tax_Professional.md","Pass","No Automated Concern","Pending Manual Review","Pending Manual Review","No Automated Concern","Pass","No Missing Alt Text Detected","No Automated Concern","Automated Checks Passed","","Pending Manual Reviewer","",""
"ACC-0020","1.0.0","2026-08-01","04-research-notes/01_Personal_Investment_Policy_Statement.md","Pass","No Automated Concern","Pending Manual Review","Pending Manual Review","No Automated Concern","Pass","No Missing Alt Text Detected","No Automated Concern","Automated Checks Passed","","Pending Manual Reviewer","",""
"ACC-0021","1.0.0","2026-08-01","04-research-notes/02_Research_Sources_and_Decision_Logs.md","Pass","No Automated Concern","Pending Manual Review","Pending Manual Review","No Automated Concern","Pass","No Missing Alt Text Detected","No Automated Concern","Automated Checks Passed","","Pending Manual Reviewer","",""
"ACC-0022","1.0.0","2026-08-01","04-research-notes/03_Portfolio_Monitoring_and_Annual_Review.md","Pass","No Automated Concern","Pending Manual Review","Pending Manual Review","No Automated Concern","Pass","No Missing Alt Text Detected","No Automated Concern","Automated Checks Passed","","Pending Manual Reviewer","",""
"ACC-0023","1.0.0","2026-08-01","04-research-notes/04_Paper_Portfolio_and_30_Day_Learning_Plan.md","Pass","No Automated Concern","Pending Manual Review","Pending Manual Review","No Automated Concern","Pass","No Missing Alt Text Detected","No Automated Concern","Automated Checks Passed","","Pending Manual Reviewer","",""
"ACC-0024","1.0.0","2026-08-01","04-research-notes/05_Small_Real_Money_Pilot_and_Trade_Controls.md","Pass","No Automated Concern","Pending Manual Review","Pending Manual Review","No Automated Concern","Pass","No Missing Alt Text Detected","No Automated Concern","Automated Checks Passed","","Pending Manual Reviewer","",""
"ACC-0025","1.0.0","2026-08-01","04-research-notes/06_Learning_Completion_Dashboard.md","Pass","No Automated Concern","Pending Manual Review","Pending Manual Review","No Automated Concern","Pass","No Missing Alt Text Detected","No Automated Concern","Automated Checks Passed","","Pending Manual Reviewer","",""
"ACC-0026","1.0.0","2026-08-01","04-research-notes/07_Professional_Consultation_Preparation.md","Pass","No Automated Concern","Pending Manual Review","Pending Manual Review","No Automated Concern","Pass","No Missing Alt Text Detected","No Automated Concern","Automated Checks Passed","","Pending Manual Reviewer","",""
"ACC-0027","1.0.0","2026-08-01","04-research-notes/08_Personal_Balance_Sheet_and_Investable_Capital.md","Pass","No Automated Concern","Pending Manual Review","Pending Manual Review","No Automated Concern","Pass","No Missing Alt Text Detected","No Automated Concern","Automated Checks Passed","","Pending Manual Reviewer","",""
"ACC-0028","1.0.0","2026-08-01","04-research-notes/09_Behavioral_Finance_and_Decision_Discipline.md","Pass","No Automated Concern","Pending Manual Review","Pending Manual Review","No Automated Concern","Pass","No Missing Alt Text Detected","No Automated Concern","Automated Checks Passed","","Pending Manual Reviewer","",""
"ACC-0029","1.0.0","2026-08-01","04-research-notes/10_Liquidity_Emergency_Reserves_and_Cash_Management.md","Pass","No Automated Concern","Pending Manual Review","Pending Manual Review","No Automated Concern","Pass","No Missing Alt Text Detected","No Automated Concern","Automated Checks Passed","","Pending Manual Reviewer","",""
"ACC-0030","1.0.0","2026-08-01","04-research-notes/11_Debt_Management_and_Responsible_Leverage.md","Pass","No Automated Concern","Pending Manual Review","Pending Manual Review","No Automated Concern","Pass","No Missing Alt Text Detected","No Automated Concern","Automated Checks Passed","","Pending Manual Reviewer","",""
"ACC-0031","1.0.0","2026-08-01","04-research-notes/12_Investment_Execution_Settlement_and_Reconciliation.md","Pass","No Automated Concern","Pending Manual Review","Pending Manual Review","No Automated Concern","Pass","No Missing Alt Text Detected","No Automated Concern","Automated Checks Passed","","Pending Manual Reviewer","",""
"ACC-0032","1.0.0","2026-08-01","04-research-notes/13_Investment_Governance_Policy_Exceptions_and_Control_Testing.md","Pass","No Automated Concern","Pending Manual Review","Pending Manual Review","No Automated Concern","Pass","No Missing Alt Text Detected","No Automated Concern","Automated Checks Passed","","Pending Manual Reviewer","",""
"ACC-0033","1.0.0","2026-08-01","04-research-notes/14_Financial_Goals_and_Capital_Allocation_Roadmap.md","Pass","Manual Review","Pending Manual Review","Pending Manual Review","No Automated Concern","Pass","No Missing Alt Text Detected","No Automated Concern","Pending Manual Review","","Pending Manual Reviewer","","1 line(s) exceed 240 characters and should be reviewed for readability."
"ACC-0034","1.0.0","2026-08-01","04-research-notes/15_Account_Consolidation_and_Financial_Simplification.md","Pass","Manual Review","Pending Manual Review","Pending Manual Review","No Automated Concern","Pass","No Missing Alt Text Detected","No Automated Concern","Pending Manual Review","","Pending Manual Reviewer","","1 line(s) exceed 240 characters and should be reviewed for readability."
"ACC-0035","1.0.0","2026-08-01","04-research-notes/16_Repository_Quality_Assurance_and_Publication_Readiness.md","Pass","No Automated Concern","Pending Manual Review","Pending Manual Review","No Automated Concern","Pass","No Missing Alt Text Detected","No Automated Concern","Automated Checks Passed","","Pending Manual Reviewer","",""
"ACC-0036","1.0.0","2026-08-01","04-research-notes/17_Continuous_Quality_Checks_and_Release_Packaging.md","Pass","No Automated Concern","Pending Manual Review","Pending Manual Review","No Automated Concern","Pass","No Missing Alt Text Detected","No Automated Concern","Automated Checks Passed","","Pending Manual Reviewer","",""
"ACC-0037","1.0.0","2026-08-01","04-research-notes/18_Financial_Glossary_and_Terminology_Governance.md","Pass","No Automated Concern","Pending Manual Review","Pending Manual Review","No Automated Concern","Pass","No Missing Alt Text Detected","No Automated Concern","Automated Checks Passed","","Pending Manual Reviewer","",""
"ACC-0038","1.0.0","2026-08-01","04-research-notes/19_Source_Verification_Citation_Governance_and_Evidence_Provenance.md","Pass","Manual Review","Pending Manual Review","Pending Manual Review","No Automated Concern","Pass","No Missing Alt Text Detected","No Automated Concern","Pending Manual Review","","Pending Manual Reviewer","","1 line(s) exceed 240 characters and should be reviewed for readability."
"ACC-0039","1.0.0","2026-08-01","04-research-notes/20_Financial_Decision_Journaling_and_Outcome_Review.md","Pass","No Automated Concern","Pending Manual Review","Pending Manual Review","No Automated Concern","Pass","No Missing Alt Text Detected","No Automated Concern","Automated Checks Passed","","Pending Manual Reviewer","",""
"ACC-0040","1.0.0","2026-08-01","04-research-notes/21_Household_Financial_Operating_System_and_Monthly_Close.md","Pass","No Automated Concern","Pending Manual Review","Pending Manual Review","No Automated Concern","Pass","No Missing Alt Text Detected","No Automated Concern","Automated Checks Passed","","Pending Manual Reviewer","",""
"ACC-0041","1.0.0","2026-08-01","04-research-notes/22_Household_Financial_Continuity_and_Emergency_Handoff.md","Pass","Manual Review","Pending Manual Review","Pending Manual Review","No Automated Concern","Pass","No Missing Alt Text Detected","No Automated Concern","Pending Manual Review","","Pending Manual Reviewer","","1 line(s) exceed 240 characters and should be reviewed for readability."
"ACC-0042","1.0.0","2026-08-01","04-research-notes/23_ETF_Data_Quality_Portfolio_Analytics_and_Automated_Monitoring_Controls.md","Pass","Manual Review","Pending Manual Review","Pending Manual Review","No Automated Concern","Pass","No Missing Alt Text Detected","No Automated Concern","Pending Manual Review","","Pending Manual Reviewer","","1 line(s) exceed 240 characters and should be reviewed for readability."
"ACC-0043","1.0.0","2026-08-01","04-research-notes/24_Capstone_Investment_Plan_Integrated_Case_Study_and_Competency_Assessment.md","Pass","No Automated Concern","Pending Manual Review","Pending Manual Review","No Automated Concern","Pass","No Missing Alt Text Detected","No Automated Concern","Automated Checks Passed","","Pending Manual Reviewer","",""
"ACC-0044","1.0.0","2026-08-01","05-comparisons/01_How_to_Screen_and_Compare_ETFs.md","Pass","No Automated Concern","Pending Manual Review","Pending Manual Review","No Automated Concern","Pass","No Missing Alt Text Detected","No Automated Concern","Automated Checks Passed","","Pending Manual Reviewer","",""
"ACC-0045","1.0.0","2026-08-01","05-comparisons/02_Building_a_Simple_Multi_Asset_Portfolio.md","Pass","No Automated Concern","Pending Manual Review","Pending Manual Review","No Automated Concern","Pass","No Missing Alt Text Detected","No Automated Concern","Automated Checks Passed","","Pending Manual Reviewer","",""
"ACC-0046","1.0.0","2026-08-01","05-comparisons/03_Retirement_Cash_Flow_and_Withdrawal_Sequencing.md","Pass","No Automated Concern","Pending Manual Review","Pending Manual Review","No Automated Concern","Pass","No Missing Alt Text Detected","No Automated Concern","Automated Checks Passed","","Pending Manual Reviewer","",""
"ACC-0047","1.0.0","2026-08-01","05-comparisons/04_Investment_Mathematics_and_Return_Calculations.md","Pass","No Automated Concern","Pending Manual Review","Pending Manual Review","No Automated Concern","Pass","No Missing Alt Text Detected","No Automated Concern","Automated Checks Passed","","Pending Manual Reviewer","",""
"ACC-0048","1.0.0","2026-08-01","05-comparisons/05_Portfolio_Rebalancing_and_Allocation_Drift.md","Pass","No Automated Concern","Pending Manual Review","Pending Manual Review","No Automated Concern","Pass","No Missing Alt Text Detected","No Automated Concern","Automated Checks Passed","","Pending Manual Reviewer","",""
"ACC-0049","1.0.0","2026-08-01","05-comparisons/06_Portfolio_Performance_Reporting_and_Attribution.md","Pass","Manual Review","Pending Manual Review","Pending Manual Review","No Automated Concern","Pass","No Missing Alt Text Detected","No Automated Concern","Pending Manual Review","","Pending Manual Reviewer","","1 line(s) exceed 240 characters and should be reviewed for readability."
"ACC-0050","1.0.0","2026-08-01","05-comparisons/07_Inflation_Purchasing_Power_and_Real_Return_Planning.md","Pass","Manual Review","Pending Manual Review","Pending Manual Review","No Automated Concern","Pass","No Missing Alt Text Detected","No Automated Concern","Pending Manual Review","","Pending Manual Reviewer","","1 line(s) exceed 240 characters and should be reviewed for readability."
"ACC-0051","1.0.0","2026-08-01","05-comparisons/08_ETF_Risk_Metrics_Volatility_Correlation_and_Drawdown_Analysis.md","Pass","No Automated Concern","Pending Manual Review","Pending Manual Review","No Automated Concern","Pass","No Missing Alt Text Detected","No Automated Concern","Automated Checks Passed","","Pending Manual Reviewer","",""
"ACC-0052","1.0.0","2026-08-01","05-comparisons/09_ETF_Portfolio_Construction_Core_Satellite_and_Overlap_Controls.md","Pass","Manual Review","Pending Manual Review","Pending Manual Review","No Automated Concern","Pass","No Missing Alt Text Detected","No Automated Concern","Pending Manual Review","","Pending Manual Reviewer","","1 line(s) exceed 240 characters and should be reviewed for readability."
"ACC-0053","1.0.0","2026-08-01","05-comparisons/10_ETF_Distribution_Planning_Total_Return_Withdrawals_and_Retirement_Income_Controls.md","Pass","No Automated Concern","Pending Manual Review","Pending Manual Review","No Automated Concern","Pass","No Missing Alt Text Detected","No Automated Concern","Automated Checks Passed","","Pending Manual Reviewer","",""
"ACC-0054","1.0.0","2026-08-01","06-risk-and-scam-checks/01_Investment_Fraud_and_Scam_Detection.md","Pass","No Automated Concern","Pending Manual Review","Pending Manual Review","No Automated Concern","Pass","No Missing Alt Text Detected","No Automated Concern","Automated Checks Passed","","Pending Manual Reviewer","",""
"ACC-0055","1.0.0","2026-08-01","06-risk-and-scam-checks/02_Data_Privacy_Backup_and_Recovery.md","Pass","Manual Review","Pending Manual Review","Pending Manual Review","No Automated Concern","Pass","No Missing Alt Text Detected","No Automated Concern","Pending Manual Review","","Pending Manual Reviewer","","1 line(s) exceed 240 characters and should be reviewed for readability."
"ACC-0056","1.0.0","2026-08-01","06-risk-and-scam-checks/03_Insurance_Risk_Transfer_and_Coverage_Gaps.md","Pass","No Automated Concern","Pending Manual Review","Pending Manual Review","No Automated Concern","Pass","No Missing Alt Text Detected","No Automated Concern","Automated Checks Passed","","Pending Manual Reviewer","",""
"ACC-0057","1.0.0","2026-08-01","06-risk-and-scam-checks/04_Financial_Fraud_Incident_Response_and_Recovery.md","Pass","No Automated Concern","Pending Manual Review","Pending Manual Review","No Automated Concern","Pass","No Missing Alt Text Detected","No Automated Concern","Automated Checks Passed","","Pending Manual Reviewer","",""
"ACC-0058","1.0.0","2026-08-01","06-risk-and-scam-checks/05_ETF_Investor_Protection_Broker_Insolvency_Custody_and_Asset_Recovery.md","Pass","Manual Review","Pending Manual Review","Pending Manual Review","No Automated Concern","Pass","No Missing Alt Text Detected","No Automated Concern","Pending Manual Review","","Pending Manual Reviewer","","1 line(s) exceed 240 characters and should be reviewed for readability."
"ACC-0059","1.0.0","2026-08-01","06-risk-and-scam-checks/05_Professional_and_Service_Provider_Due_Diligence.md","Pass","No Automated Concern","Pending Manual Review","Pending Manual Review","No Automated Concern","Pass","No Missing Alt Text Detected","No Automated Concern","Automated Checks Passed","","Pending Manual Reviewer","",""
"ACC-0060","1.0.0","2026-08-01","06-risk-and-scam-checks/Broker_Safety_Checklist.md","Pass","No Automated Concern","Pending Manual Review","Pending Manual Review","No Automated Concern","Pass","No Missing Alt Text Detected","No Automated Concern","Automated Checks Passed","","Pending Manual Reviewer","",""
"ACC-0061","1.0.0","2026-08-01","07-foreclosure-and-distressed-property/01_Foreclosure_and_Distressed_Property_Investing_Colombia.md","Pass","No Automated Concern","Pending Manual Review","Pending Manual Review","No Automated Concern","Pass","No Missing Alt Text Detected","No Automated Concern","Automated Checks Passed","","Pending Manual Reviewer","",""
"ACC-0062","1.0.0","2026-08-01","07-foreclosure-and-distressed-property/02_Distressed_Property_Deal_Analysis.md","Pass","No Automated Concern","Pending Manual Review","Pending Manual Review","No Automated Concern","Pass","No Missing Alt Text Detected","No Automated Concern","Automated Checks Passed","","Pending Manual Reviewer","",""
"ACC-0063","1.0.0","2026-08-01","07-foreclosure-and-distressed-property/03_Real_Estate_Financing_and_Affordability.md","Pass","Manual Review","Pending Manual Review","Pending Manual Review","No Automated Concern","Pass","No Missing Alt Text Detected","No Automated Concern","Pending Manual Review","","Pending Manual Reviewer","","1 line(s) exceed 240 characters and should be reviewed for readability."
"ACC-0064","1.0.0","2026-08-01","07-foreclosure-and-distressed-property/04_Property_Title_Contract_and_Closing_Due_Diligence.md","Pass","No Automated Concern","Pending Manual Review","Pending Manual Review","No Automated Concern","Pass","No Missing Alt Text Detected","No Automated Concern","Automated Checks Passed","","Pending Manual Reviewer","",""
"ACC-0065","1.0.0","2026-08-01","07-foreclosure-and-distressed-property/05_Rental_Property_Operations_and_Tenant_Controls.md","Pass","No Automated Concern","Pending Manual Review","Pending Manual Review","No Automated Concern","Pass","No Missing Alt Text Detected","No Automated Concern","Automated Checks Passed","","Pending Manual Reviewer","",""
"ACC-0066","1.0.0","2026-08-01","07-foreclosure-and-distressed-property/06_Renovation_Planning_and_Contractor_Controls.md","Pass","No Automated Concern","Pending Manual Review","Pending Manual Review","No Automated Concern","Pass","No Missing Alt Text Detected","No Automated Concern","Automated Checks Passed","","Pending Manual Reviewer","",""
"ACC-0067","1.0.0","2026-08-01","07-foreclosure-and-distressed-property/07_Property_Sale_Exit_and_Profit_Reconciliation.md","Pass","No Automated Concern","Pending Manual Review","Pending Manual Review","No Automated Concern","Pass","No Missing Alt Text Detected","No Automated Concern","Automated Checks Passed","","Pending Manual Reviewer","",""
"ACC-0068","1.0.0","2026-08-01","07-foreclosure-and-distressed-property/08_Finding_and_Screening_Distressed_Property_Opportunities.md","Pass","No Automated Concern","Pending Manual Review","Pending Manual Review","No Automated Concern","Pass","No Missing Alt Text Detected","No Automated Concern","Automated Checks Passed","","Pending Manual Reviewer","",""
"ACC-0069","1.0.0","2026-08-01","07-foreclosure-and-distressed-property/Distressed_Property_Due_Diligence_Checklist.md","Pass","No Automated Concern","Pending Manual Review","Pending Manual Review","No Automated Concern","Pass","No Missing Alt Text Detected","No Automated Concern","Automated Checks Passed","","Pending Manual Reviewer","",""
"ACC-0070","1.0.0","2026-08-01","07-foreclosure-and-distressed-property/Property_vs_CDT_vs_ETF.md","Pass","No Automated Concern","Pending Manual Review","Pending Manual Review","No Automated Concern","Pass","No Missing Alt Text Detected","No Automated Concern","Automated Checks Passed","","Pending Manual Reviewer","",""
"ACC-0071","1.0.0","2026-08-01","BEGINNER_GLOSSARY.md","Pass","No Automated Concern","Pending Manual Review","Pending Manual Review","No Automated Concern","Pass","No Missing Alt Text Detected","No Automated Concern","Automated Checks Passed","","Pending Manual Reviewer","",""
"ACC-0072","1.0.0","2026-08-01","CITATION_AND_EVIDENCE_STYLE_GUIDE.md","Pass","No Automated Concern","Pending Manual Review","Pending Manual Review","No Automated Concern","Pass","No Missing Alt Text Detected","No Automated Concern","Automated Checks Passed","","Pending Manual Reviewer","",""
"ACC-0073","1.0.0","2026-08-01","CURRICULUM_COMPLETION_STATUS.md","Pass","No Automated Concern","Pending Manual Review","Pending Manual Review","No Automated Concern","Pass","No Missing Alt Text Detected","No Automated Concern","Automated Checks Passed","","Pending Manual Reviewer","",""
"ACC-0074","1.0.0","2026-08-01","CURRICULUM_INDEX.md","Pass","No Automated Concern","Pending Manual Review","Pending Manual Review","No Automated Concern","Pass","No Missing Alt Text Detected","No Automated Concern","Automated Checks Passed","","Pending Manual Reviewer","",""
"ACC-0075","1.0.0","2026-08-01","quality-assurance/01_Final_Curriculum_Audit_Publication_Package_and_Version_1_0_Release.md","Pass","Manual Review","Pending Manual Review","Pending Manual Review","No Automated Concern","Pass","No Missing Alt Text Detected","No Automated Concern","Pending Manual Review","","Pending Manual Reviewer","","1 line(s) exceed 240 characters and should be reviewed for readability."
"ACC-0076","1.0.0","2026-08-01","quality-assurance/README.md","Pass","No Automated Concern","Pending Manual Review","Pending Manual Review","No Automated Concern","Pass","No Missing Alt Text Detected","No Automated Concern","Automated Checks Passed","","Pending Manual Reviewer","",""
"ACC-0077","1.0.0","2026-08-01","README.md","Pass","No Automated Concern","Pending Manual Review","Pending Manual Review","No Automated Concern","Pass","No Missing Alt Text Detected","No Automated Concern","Automated Checks Passed","","Pending Manual Reviewer","",""
"ACC-0078","1.0.0","2026-08-01","RELEASE_NOTES_v1.0.0.md","Pass","Manual Review","Pending Manual Review","Pending Manual Review","No Automated Concern","Pass","No Missing Alt Text Detected","No Automated Concern","Pending Manual Review","","Pending Manual Reviewer","","1 line(s) exceed 240 characters and should be reviewed for readability."
"ACC-0079","1.0.0","2026-08-01","templates/Account_Consolidation_Decision_Checklist.md","Pass","No Automated Concern","Pending Manual Review","Pending Manual Review","No Automated Concern","Pass","No Missing Alt Text Detected","No Automated Concern","Automated Checks Passed","","Pending Manual Reviewer","",""
"ACC-0080","1.0.0","2026-08-01","templates/Account_Recovery_and_Security_Restoration_Checklist.md","Pass","No Automated Concern","Pending Manual Review","Pending Manual Review","No Automated Concern","Pass","No Missing Alt Text Detected","No Automated Concern","Automated Checks Passed","","Pending Manual Reviewer","",""
"ACC-0081","1.0.0","2026-08-01","templates/Annual_Behavioral_Finance_Review.md","Pass","No Automated Concern","Pending Manual Review","Pending Manual Review","No Automated Concern","Pass","No Missing Alt Text Detected","No Automated Concern","Automated Checks Passed","","Pending Manual Reviewer","",""
"ACC-0082","1.0.0","2026-08-01","templates/Annual_Broker_Custody_and_Investor_Protection_Review.md","Pass","No Automated Concern","Pending Manual Review","Pending Manual Review","No Automated Concern","Pass","No Missing Alt Text Detected","No Automated Concern","Automated Checks Passed","","Pending Manual Reviewer","",""
"ACC-0083","1.0.0","2026-08-01","templates/Annual_Cross_Border_ETF_Review.md","Pass","No Automated Concern","Pending Manual Review","Pending Manual Review","No Automated Concern","Pass","No Missing Alt Text Detected","No Automated Concern","Automated Checks Passed","","Pending Manual Reviewer","",""
"ACC-0084","1.0.0","2026-08-01","templates/Annual_ETF_Benchmark_Governance_Review.md","Pass","No Automated Concern","Pending Manual Review","Pending Manual Review","No Automated Concern","Pass","No Missing Alt Text Detected","No Automated Concern","Automated Checks Passed","","Pending Manual Reviewer","",""
"ACC-0085","1.0.0","2026-08-01","templates/Annual_ETF_Closure_Risk_Review.md","Pass","No Automated Concern","Pending Manual Review","Pending Manual Review","No Automated Concern","Pass","No Missing Alt Text Detected","No Automated Concern","Automated Checks Passed","","Pending Manual Reviewer","",""
"ACC-0086","1.0.0","2026-08-01","templates/Annual_ETF_Counterparty_and_Complexity_Review.md","Pass","No Automated Concern","Pending Manual Review","Pending Manual Review","No Automated Concern","Pass","No Missing Alt Text Detected","No Automated Concern","Automated Checks Passed","","Pending Manual Reviewer","",""
"ACC-0087","1.0.0","2026-08-01","templates/Annual_ETF_Execution_Policy_Review.md","Pass","No Automated Concern","Pending Manual Review","Pending Manual Review","No Automated Concern","Pass","No Missing Alt Text Detected","No Automated Concern","Automated Checks Passed","","Pending Manual Reviewer","",""
"ACC-0088","1.0.0","2026-08-01","templates/Annual_ETF_Portfolio_Construction_Review.md","Pass","No Automated Concern","Pending Manual Review","Pending Manual Review","No Automated Concern","Pass","No Missing Alt Text Detected","No Automated Concern","Automated Checks Passed","","Pending Manual Reviewer","",""
"ACC-0089","1.0.0","2026-08-01","templates/Annual_ETF_Risk_and_Scenario_Review.md","Pass","No Automated Concern","Pending Manual Review","Pending Manual Review","No Automated Concern","Pass","No Missing Alt Text Detected","No Automated Concern","Automated Checks Passed","","Pending Manual Reviewer","",""
"ACC-0090","1.0.0","2026-08-01","templates/Annual_Financial_Decision_Quality_Review.md","Pass","No Automated Concern","Pending Manual Review","Pending Manual Review","No Automated Concern","Pass","No Missing Alt Text Detected","No Automated Concern","Automated Checks Passed","","Pending Manual Reviewer","",""
"ACC-0091","1.0.0","2026-08-01","templates/Annual_Financial_Simplification_Review.md","Pass","No Automated Concern","Pending Manual Review","Pending Manual Review","No Automated Concern","Pass","No Missing Alt Text Detected","No Automated Concern","Automated Checks Passed","","Pending Manual Reviewer","",""
"ACC-0092","1.0.0","2026-08-01","templates/Annual_Glossary_and_Terminology_Review.md","Pass","No Automated Concern","Pending Manual Review","Pending Manual Review","No Automated Concern","Pass","No Missing Alt Text Detected","No Automated Concern","Automated Checks Passed","","Pending Manual Reviewer","",""
"ACC-0093","1.0.0","2026-08-01","templates/Annual_Household_Financial_Continuity_Review.md","Pass","No Automated Concern","Pending Manual Review","Pending Manual Review","No Automated Concern","Pass","No Missing Alt Text Detected","No Automated Concern","Automated Checks Passed","","Pending Manual Reviewer","",""
"ACC-0094","1.0.0","2026-08-01","templates/Annual_Household_Financial_Planning_Cycle.md","Pass","No Automated Concern","Pending Manual Review","Pending Manual Review","No Automated Concern","Pass","No Missing Alt Text Detected","No Automated Concern","Automated Checks Passed","","Pending Manual Reviewer","",""
"ACC-0095","1.0.0","2026-08-01","templates/Annual_Inflation_Assumption_Approval_Record.md","Pass","No Automated Concern","Pending Manual Review","Pending Manual Review","No Automated Concern","Pass","No Missing Alt Text Detected","No Automated Concern","Automated Checks Passed","","Pending Manual Reviewer","",""
"ACC-0096","1.0.0","2026-08-01","templates/Annual_Insurance_Review_Template.md","Pass","No Automated Concern","Pending Manual Review","Pending Manual Review","No Automated Concern","Pass","No Missing Alt Text Detected","No Automated Concern","Automated Checks Passed","","Pending Manual Reviewer","",""
"ACC-0097","1.0.0","2026-08-01","templates/Annual_Investment_Governance_Review.md","Pass","No Automated Concern","Pending Manual Review","Pending Manual Review","No Automated Concern","Pass","No Missing Alt Text Detected","No Automated Concern","Automated Checks Passed","","Pending Manual Reviewer","",""
"ACC-0098","1.0.0","2026-08-01","templates/Annual_Portfolio_Allocation_Review.md","Pass","No Automated Concern","Pending Manual Review","Pending Manual Review","No Automated Concern","Pass","No Missing Alt Text Detected","No Automated Concern","Automated Checks Passed","","Pending Manual Reviewer","",""
"ACC-0099","1.0.0","2026-08-01","templates/Annual_Portfolio_Analytics_and_Automation_Governance_Review.md","Pass","No Automated Concern","Pending Manual Review","Pending Manual Review","No Automated Concern","Pass","No Missing Alt Text Detected","No Automated Concern","Automated Checks Passed","","Pending Manual Reviewer","",""
"ACC-0100","1.0.0","2026-08-01","templates/Annual_Portfolio_Performance_Report.md","Pass","No Automated Concern","Pending Manual Review","Pending Manual Review","No Automated Concern","Pass","No Missing Alt Text Detected","No Automated Concern","Automated Checks Passed","","Pending Manual Reviewer","",""
"ACC-0101","1.0.0","2026-08-01","templates/Annual_Portfolio_Review_Template.md","Pass","No Automated Concern","Pending Manual Review","Pending Manual Review","No Automated Concern","Pass","No Missing Alt Text Detected","No Automated Concern","Automated Checks Passed","","Pending Manual Reviewer","",""
"ACC-0102","1.0.0","2026-08-01","templates/Annual_Professional_and_Service_Provider_Review.md","Pass","No Automated Concern","Pending Manual Review","Pending Manual Review","No Automated Concern","Pass","No Missing Alt Text Detected","No Automated Concern","Automated Checks Passed","","Pending Manual Reviewer","",""
"ACC-0103","1.0.0","2026-08-01","templates/Annual_Retirement_Withdrawal_Sustainability_Review.md","Pass","No Automated Concern","Pending Manual Review","Pending Manual Review","No Automated Concern","Pass","No Missing Alt Text Detected","No Automated Concern","Automated Checks Passed","","Pending Manual Reviewer","",""
"ACC-0104","1.0.0","2026-08-01","templates/Annual_Source_and_Evidence_Review.md","Pass","No Automated Concern","Pending Manual Review","Pending Manual Review","No Automated Concern","Pass","No Missing Alt Text Detected","No Automated Concern","Automated Checks Passed","","Pending Manual Reviewer","",""
"ACC-0105","1.0.0","2026-08-01","templates/Annual_Tax_Readiness_Checklist.md","Pass","No Automated Concern","Pending Manual Review","Pending Manual Review","No Automated Concern","Pass","No Missing Alt Text Detected","No Automated Concern","Automated Checks Passed","","Pending Manual Reviewer","",""
"ACC-0106","1.0.0","2026-08-01","templates/Automated_Portfolio_Monitoring_Run_Review.md","Pass","No Automated Concern","Pending Manual Review","Pending Manual Review","No Automated Concern","Pass","No Missing Alt Text Detected","No Automated Concern","Automated Checks Passed","","Pending Manual Reviewer","",""
"ACC-0107","1.0.0","2026-08-01","templates/Backup_Recovery_Test_Record.md","Pass","No Automated Concern","Pending Manual Review","Pending Manual Review","No Automated Concern","Pass","No Missing Alt Text Detected","No Automated Concern","Automated Checks Passed","","Pending Manual Reviewer","",""
"ACC-0108","1.0.0","2026-08-01","templates/Behavioral_Investment_Decision_Checklist.md","Pass","No Automated Concern","Pending Manual Review","Pending Manual Review","No Automated Concern","Pass","No Missing Alt Text Detected","No Automated Concern","Automated Checks Passed","","Pending Manual Reviewer","",""
"ACC-0109","1.0.0","2026-08-01","templates/Broker_Custody_and_Investor_Protection_Due_Diligence_Checklist.md","Pass","No Automated Concern","Pending Manual Review","Pending Manual Review","No Automated Concern","Pass","No Missing Alt Text Detected","No Automated Concern","Automated Checks Passed","","Pending Manual Reviewer","",""
"ACC-0110","1.0.0","2026-08-01","templates/Broker_Exit_and_Continuity_Plan.md","Pass","No Automated Concern","Pending Manual Review","Pending Manual Review","No Automated Concern","Pass","No Missing Alt Text Detected","No Automated Concern","Automated Checks Passed","","Pending Manual Reviewer","",""
"ACC-0111","1.0.0","2026-08-01","templates/Broker_Failure_Immediate_Response_Checklist.md","Pass","No Automated Concern","Pending Manual Review","Pending Manual Review","No Automated Concern","Pass","No Missing Alt Text Detected","No Automated Concern","Automated Checks Passed","","Pending Manual Reviewer","",""
"ACC-0112","1.0.0","2026-08-01","templates/Calculation_Provenance_Worksheet.md","Pass","No Automated Concern","Pending Manual Review","Pending Manual Review","No Automated Concern","Pass","No Missing Alt Text Detected","No Automated Concern","Automated Checks Passed","","Pending Manual Reviewer","",""
"ACC-0113","1.0.0","2026-08-01","templates/Capital_Allocation_Priority_Decision_Checklist.md","Pass","No Automated Concern","Pending Manual Review","Pending Manual Review","No Automated Concern","Pass","No Missing Alt Text Detected","No Automated Concern","Automated Checks Passed","","Pending Manual Reviewer","",""
"ACC-0114","1.0.0","2026-08-01","templates/Capstone_Candidate_Investment_Comparison.md","Pass","No Automated Concern","Pending Manual Review","Pending Manual Review","No Automated Concern","Pass","No Missing Alt Text Detected","No Automated Concern","Automated Checks Passed","","Pending Manual Reviewer","",""
"ACC-0115","1.0.0","2026-08-01","templates/Capstone_Competency_Assessment.md","Pass","No Automated Concern","Pending Manual Review","Pending Manual Review","No Automated Concern","Pass","No Missing Alt Text Detected","No Automated Concern","Automated Checks Passed","","Pending Manual Reviewer","",""
"ACC-0116","1.0.0","2026-08-01","templates/Capstone_Final_Recommendation_Report.md","Pass","No Automated Concern","Pending Manual Review","Pending Manual Review","No Automated Concern","Pass","No Missing Alt Text Detected","No Automated Concern","Automated Checks Passed","","Pending Manual Reviewer","",""
"ACC-0117","1.0.0","2026-08-01","templates/Capstone_Household_Case_Profile.md","Pass","No Automated Concern","Pending Manual Review","Pending Manual Review","No Automated Concern","Pass","No Missing Alt Text Detected","No Automated Concern","Automated Checks Passed","","Pending Manual Reviewer","",""
"ACC-0118","1.0.0","2026-08-01","templates/Capstone_Integrated_Stress_Test.md","Pass","No Automated Concern","Pending Manual Review","Pending Manual Review","No Automated Concern","Pass","No Missing Alt Text Detected","No Automated Concern","Automated Checks Passed","","Pending Manual Reviewer","",""
"ACC-0119","1.0.0","2026-08-01","templates/Capstone_Investment_Implementation_Plan.md","Pass","No Automated Concern","Pending Manual Review","Pending Manual Review","No Automated Concern","Pass","No Missing Alt Text Detected","No Automated Concern","Automated Checks Passed","","Pending Manual Reviewer","",""
"ACC-0120","1.0.0","2026-08-01","templates/Capstone_Investment_Policy_Statement.md","Pass","No Automated Concern","Pending Manual Review","Pending Manual Review","No Automated Concern","Pass","No Missing Alt Text Detected","No Automated Concern","Automated Checks Passed","","Pending Manual Reviewer","",""
"ACC-0121","1.0.0","2026-08-01","templates/Capstone_Learner_Declaration_and_Reflection.md","Pass","No Automated Concern","Pending Manual Review","Pending Manual Review","No Automated Concern","Pass","No Missing Alt Text Detected","No Automated Concern","Automated Checks Passed","","Pending Manual Reviewer","",""
"ACC-0122","1.0.0","2026-08-01","templates/Capstone_Monitoring_and_Governance_Plan.md","Pass","No Automated Concern","Pending Manual Review","Pending Manual Review","No Automated Concern","Pass","No Missing Alt Text Detected","No Automated Concern","Automated Checks Passed","","Pending Manual Reviewer","",""
"ACC-0123","1.0.0","2026-08-01","templates/Capstone_Portfolio_Proposal.md","Pass","No Automated Concern","Pending Manual Review","Pending Manual Review","No Automated Concern","Pass","No Missing Alt Text Detected","No Automated Concern","Automated Checks Passed","","Pending Manual Reviewer","",""
"ACC-0124","1.0.0","2026-08-01","templates/Complex_ETF_Product_Review.md","Pass","No Automated Concern","Pending Manual Review","Pending Manual Review","No Automated Concern","Pass","No Missing Alt Text Detected","No Automated Concern","Automated Checks Passed","","Pending Manual Reviewer","",""
"ACC-0125","1.0.0","2026-08-01","templates/Conflicting_Evidence_Resolution_Record.md","Pass","No Automated Concern","Pending Manual Review","Pending Manual Review","No Automated Concern","Pass","No Missing Alt Text Detected","No Automated Concern","Automated Checks Passed","","Pending Manual Reviewer","",""
"ACC-0126","1.0.0","2026-08-01","templates/Cross_Border_Estate_Planning_Review.md","Pass","No Automated Concern","Pending Manual Review","Pending Manual Review","No Automated Concern","Pass","No Missing Alt Text Detected","No Automated Concern","Automated Checks Passed","","Pending Manual Reviewer","",""
"ACC-0127","1.0.0","2026-08-01","templates/Cross_Border_ETF_Due_Diligence_Checklist.md","Pass","No Automated Concern","Pending Manual Review","Pending Manual Review","No Automated Concern","Pass","No Missing Alt Text Detected","No Automated Concern","Automated Checks Passed","","Pending Manual Reviewer","",""
"ACC-0128","1.0.0","2026-08-01","templates/Cross_Border_Transfer_Approval_Checklist.md","Pass","No Automated Concern","Pending Manual Review","Pending Manual Review","No Automated Concern","Pass","No Missing Alt Text Detected","No Automated Concern","Automated Checks Passed","","Pending Manual Reviewer","",""
"ACC-0129","1.0.0","2026-08-01","templates/Cross_Border_Transfer_Incident_Record.md","Pass","No Automated Concern","Pending Manual Review","Pending Manual Review","No Automated Concern","Pass","No Missing Alt Text Detected","No Automated Concern","Automated Checks Passed","","Pending Manual Reviewer","",""
"ACC-0130","1.0.0","2026-08-01","templates/Cross_Border_Transfer_Reconciliation_Worksheet.md","Pass","No Automated Concern","Pending Manual Review","Pending Manual Review","No Automated Concern","Pass","No Missing Alt Text Detected","No Automated Concern","Automated Checks Passed","","Pending Manual Reviewer","",""
"ACC-0131","1.0.0","2026-08-01","templates/Data_Exposure_Response_Checklist.md","Pass","No Automated Concern","Pending Manual Review","Pending Manual Review","No Automated Concern","Pass","No Missing Alt Text Detected","No Automated Concern","Automated Checks Passed","","Pending Manual Reviewer","",""
"ACC-0132","1.0.0","2026-08-01","templates/Debt_Management_and_Payoff_Plan.md","Pass","No Automated Concern","Pending Manual Review","Pending Manual Review","No Automated Concern","Pass","No Missing Alt Text Detected","No Automated Concern","Automated Checks Passed","","Pending Manual Reviewer","",""
"ACC-0133","1.0.0","2026-08-01","templates/Debt_Payoff_Confirmation_Record.md","Pass","No Automated Concern","Pending Manual Review","Pending Manual Review","No Automated Concern","Pass","No Missing Alt Text Detected","No Automated Concern","Automated Checks Passed","","Pending Manual Reviewer","",""
"ACC-0134","1.0.0","2026-08-01","templates/Distressed_Property_Preliminary_Screening_Checklist.md","Pass","No Automated Concern","Pending Manual Review","Pending Manual Review","No Automated Concern","Pass","No Missing Alt Text Detected","No Automated Concern","Automated Checks Passed","","Pending Manual Reviewer","",""
"ACC-0135","1.0.0","2026-08-01","templates/Distressed_Property_Site_Visit_Record.md","Pass","No Automated Concern","Pending Manual Review","Pending Manual Review","No Automated Concern","Pass","No Missing Alt Text Detected","No Automated Concern","Automated Checks Passed","","Pending Manual Reviewer","",""
"ACC-0136","1.0.0","2026-08-01","templates/Emergency_Financial_Handoff_Package.md","Pass","No Automated Concern","Pending Manual Review","Pending Manual Review","No Automated Concern","Pass","No Missing Alt Text Detected","No Automated Concern","Automated Checks Passed","","Pending Manual Reviewer","",""
"ACC-0137","1.0.0","2026-08-01","templates/Emergency_Financial_Information_Sheet.md","Pass","No Automated Concern","Pending Manual Review","Pending Manual Review","No Automated Concern","Pass","No Missing Alt Text Detected","No Automated Concern","Automated Checks Passed","","Pending Manual Reviewer","",""
"ACC-0138","1.0.0","2026-08-01","templates/Emergency_Reserve_Use_and_Replenishment_Record.md","Pass","No Automated Concern","Pending Manual Review","Pending Manual Review","No Automated Concern","Pass","No Missing Alt Text Detected","No Automated Concern","Automated Checks Passed","","Pending Manual Reviewer","",""
"ACC-0139","1.0.0","2026-08-01","templates/ETF_and_Portfolio_Data_Dictionary_Template.md","Pass","No Automated Concern","Pending Manual Review","Pending Manual Review","No Automated Concern","Pass","No Missing Alt Text Detected","No Automated Concern","Automated Checks Passed","","Pending Manual Reviewer","",""
"ACC-0140","1.0.0","2026-08-01","templates/ETF_and_Portfolio_Stress_Test_Worksheet.md","Pass","No Automated Concern","Pending Manual Review","Pending Manual Review","No Automated Concern","Pass","No Missing Alt Text Detected","No Automated Concern","Automated Checks Passed","","Pending Manual Reviewer","",""
"ACC-0141","1.0.0","2026-08-01","templates/ETF_Benchmark_and_Methodology_Change_Review.md","Pass","No Automated Concern","Pending Manual Review","Pending Manual Review","No Automated Concern","Pass","No Missing Alt Text Detected","No Automated Concern","Automated Checks Passed","","Pending Manual Reviewer","",""
"ACC-0142","1.0.0","2026-08-01","templates/ETF_Closure_Merger_and_Delisting_Review_Checklist.md","Pass","No Automated Concern","Pending Manual Review","Pending Manual Review","No Automated Concern","Pass","No Missing Alt Text Detected","No Automated Concern","Automated Checks Passed","","Pending Manual Reviewer","",""
"ACC-0143","1.0.0","2026-08-01","templates/ETF_Closure_Transition_Decision_Worksheet.md","Pass","No Automated Concern","Pending Manual Review","Pending Manual Review","No Automated Concern","Pass","No Missing Alt Text Detected","No Automated Concern","Automated Checks Passed","","Pending Manual Reviewer","",""
"ACC-0144","1.0.0","2026-08-01","templates/ETF_Collateral_Risk_Assessment.md","Pass","No Automated Concern","Pending Manual Review","Pending Manual Review","No Automated Concern","Pass","No Missing Alt Text Detected","No Automated Concern","Automated Checks Passed","","Pending Manual Reviewer","",""
"ACC-0145","1.0.0","2026-08-01","templates/ETF_Concentration_and_Effective_Holdings_Review.md","Pass","No Automated Concern","Pending Manual Review","Pending Manual Review","No Automated Concern","Pass","No Missing Alt Text Detected","No Automated Concern","Automated Checks Passed","","Pending Manual Reviewer","",""
"ACC-0146","1.0.0","2026-08-01","templates/ETF_Core_Satellite_Allocation_Review.md","Pass","No Automated Concern","Pending Manual Review","Pending Manual Review","No Automated Concern","Pass","No Missing Alt Text Detected","No Automated Concern","Automated Checks Passed","","Pending Manual Reviewer","",""
"ACC-0147","1.0.0","2026-08-01","templates/ETF_Correlation_and_Diversification_Review.md","Pass","No Automated Concern","Pending Manual Review","Pending Manual Review","No Automated Concern","Pass","No Missing Alt Text Detected","No Automated Concern","Automated Checks Passed","","Pending Manual Reviewer","",""
"ACC-0148","1.0.0","2026-08-01","templates/ETF_Derivative_and_Counterparty_Review.md","Pass","No Automated Concern","Pending Manual Review","Pending Manual Review","No Automated Concern","Pass","No Missing Alt Text Detected","No Automated Concern","Automated Checks Passed","","Pending Manual Reviewer","",""
"ACC-0149","1.0.0","2026-08-01","templates/ETF_Distribution_and_Withholding_Reconciliation.md","Pass","No Automated Concern","Pending Manual Review","Pending Manual Review","No Automated Concern","Pass","No Missing Alt Text Detected","No Automated Concern","Automated Checks Passed","","Pending Manual Reviewer","",""
"ACC-0150","1.0.0","2026-08-01","templates/ETF_Distribution_Source_Review.md","Pass","No Automated Concern","Pending Manual Review","Pending Manual Review","No Automated Concern","Pass","No Missing Alt Text Detected","No Automated Concern","Automated Checks Passed","","Pending Manual Reviewer","",""
"ACC-0151","1.0.0","2026-08-01","templates/ETF_Domicile_and_After_Tax_Comparison_Worksheet.md","Pass","No Automated Concern","Pending Manual Review","Pending Manual Review","No Automated Concern","Pass","No Missing Alt Text Detected","No Automated Concern","Automated Checks Passed","","Pending Manual Reviewer","",""
"ACC-0152","1.0.0","2026-08-01","templates/ETF_Drawdown_and_Recovery_Analysis.md","Pass","No Automated Concern","Pending Manual Review","Pending Manual Review","No Automated Concern","Pass","No Missing Alt Text Detected","No Automated Concern","Automated Checks Passed","","Pending Manual Reviewer","",""
"ACC-0153","1.0.0","2026-08-01","templates/ETF_Estate_and_Succession_Review.md","Pass","No Automated Concern","Pending Manual Review","Pending Manual Review","No Automated Concern","Pass","No Missing Alt Text Detected","No Automated Concern","Automated Checks Passed","","Pending Manual Reviewer","",""
"ACC-0154","1.0.0","2026-08-01","templates/ETF_Exit_Transition_Execution_Plan.md","Pass","No Automated Concern","Pending Manual Review","Pending Manual Review","No Automated Concern","Pass","No Missing Alt Text Detected","No Automated Concern","Automated Checks Passed","","Pending Manual Reviewer","",""
"ACC-0155","1.0.0","2026-08-01","templates/ETF_Factor_Tilt_Approval_Worksheet.md","Pass","No Automated Concern","Pending Manual Review","Pending Manual Review","No Automated Concern","Pass","No Missing Alt Text Detected","No Automated Concern","Automated Checks Passed","","Pending Manual Reviewer","",""
"ACC-0156","1.0.0","2026-08-01","templates/ETF_Index_Methodology_Review_Checklist.md","Pass","No Automated Concern","Pending Manual Review","Pending Manual Review","No Automated Concern","Pass","No Missing Alt Text Detected","No Automated Concern","Automated Checks Passed","","Pending Manual Reviewer","",""
"ACC-0157","1.0.0","2026-08-01","templates/ETF_Liquidation_Proceeds_Reconciliation.md","Pass","No Automated Concern","Pending Manual Review","Pending Manual Review","No Automated Concern","Pass","No Missing Alt Text Detected","No Automated Concern","Automated Checks Passed","","Pending Manual Reviewer","",""
"ACC-0158","1.0.0","2026-08-01","templates/ETF_Market_Stress_Response_Checklist.md","Pass","No Automated Concern","Pending Manual Review","Pending Manual Review","No Automated Concern","Pass","No Missing Alt Text Detected","No Automated Concern","Automated Checks Passed","","Pending Manual Reviewer","",""
"ACC-0159","1.0.0","2026-08-01","templates/ETF_Merger_and_Share_Conversion_Reconciliation.md","Pass","No Automated Concern","Pending Manual Review","Pending Manual Review","No Automated Concern","Pass","No Missing Alt Text Detected","No Automated Concern","Automated Checks Passed","","Pending Manual Reviewer","",""
"ACC-0160","1.0.0","2026-08-01","templates/ETF_Portfolio_Complexity_and_Simplification_Review.md","Pass","No Automated Concern","Pending Manual Review","Pending Manual Review","No Automated Concern","Pass","No Missing Alt Text Detected","No Automated Concern","Automated Checks Passed","","Pending Manual Reviewer","",""
"ACC-0161","1.0.0","2026-08-01","templates/ETF_Portfolio_Construction_Worksheet.md","Pass","No Automated Concern","Pending Manual Review","Pending Manual Review","No Automated Concern","Pass","No Missing Alt Text Detected","No Automated Concern","Automated Checks Passed","","Pending Manual Reviewer","",""
"ACC-0162","1.0.0","2026-08-01","templates/ETF_Portfolio_Implementation_Plan.md","Pass","No Automated Concern","Pending Manual Review","Pending Manual Review","No Automated Concern","Pass","No Missing Alt Text Detected","No Automated Concern","Automated Checks Passed","","Pending Manual Reviewer","",""
"ACC-0163","1.0.0","2026-08-01","templates/ETF_Portfolio_Look_Through_Exposure_Review.md","Pass","No Automated Concern","Pending Manual Review","Pending Manual Review","No Automated Concern","Pass","No Missing Alt Text Detected","No Automated Concern","Automated Checks Passed","","Pending Manual Reviewer","",""
"ACC-0164","1.0.0","2026-08-01","templates/ETF_Portfolio_Monitoring_Dashboard_Specification.md","Pass","No Automated Concern","Pending Manual Review","Pending Manual Review","No Automated Concern","Pass","No Missing Alt Text Detected","No Automated Concern","Automated Checks Passed","","Pending Manual Reviewer","",""
"ACC-0165","1.0.0","2026-08-01","templates/ETF_Portfolio_Overlap_Review.md","Pass","No Automated Concern","Pending Manual Review","Pending Manual Review","No Automated Concern","Pass","No Missing Alt Text Detected","No Automated Concern","Automated Checks Passed","","Pending Manual Reviewer","",""
"ACC-0166","1.0.0","2026-08-01","templates/ETF_Portfolio_Rebalancing_Decision_Worksheet.md","Pass","No Automated Concern","Pending Manual Review","Pending Manual Review","No Automated Concern","Pass","No Missing Alt Text Detected","No Automated Concern","Automated Checks Passed","","Pending Manual Reviewer","",""
"ACC-0167","1.0.0","2026-08-01","templates/ETF_Pre_Trade_Liquidity_and_Execution_Checklist.md","Pass","No Automated Concern","Pending Manual Review","Pending Manual Review","No Automated Concern","Pass","No Missing Alt Text Detected","No Automated Concern","Automated Checks Passed","","Pending Manual Reviewer","",""
"ACC-0168","1.0.0","2026-08-01","templates/ETF_Premium_and_Discount_Analysis_Worksheet.md","Pass","No Automated Concern","Pending Manual Review","Pending Manual Review","No Automated Concern","Pass","No Missing Alt Text Detected","No Automated Concern","Automated Checks Passed","","Pending Manual Reviewer","",""
"ACC-0169","1.0.0","2026-08-01","templates/ETF_Replacement_Candidate_Review.md","Pass","No Automated Concern","Pending Manual Review","Pending Manual Review","No Automated Concern","Pass","No Missing Alt Text Detected","No Automated Concern","Automated Checks Passed","","Pending Manual Reviewer","",""
"ACC-0170","1.0.0","2026-08-01","templates/ETF_Risk_Metric_Analysis_Worksheet.md","Pass","No Automated Concern","Pending Manual Review","Pending Manual Review","No Automated Concern","Pass","No Missing Alt Text Detected","No Automated Concern","Automated Checks Passed","","Pending Manual Reviewer","",""
"ACC-0171","1.0.0","2026-08-01","templates/ETF_Securities_Lending_Due_Diligence_Checklist.md","Pass","No Automated Concern","Pending Manual Review","Pending Manual Review","No Automated Concern","Pass","No Missing Alt Text Detected","No Automated Concern","Automated Checks Passed","","Pending Manual Reviewer","",""
"ACC-0172","1.0.0","2026-08-01","templates/ETF_Tracking_Difference_Analysis.md","Pass","No Automated Concern","Pending Manual Review","Pending Manual Review","No Automated Concern","Pass","No Missing Alt Text Detected","No Automated Concern","Automated Checks Passed","","Pending Manual Reviewer","",""
"ACC-0173","1.0.0","2026-08-01","templates/ETF_Trade_Error_and_Correction_Record.md","Pass","No Automated Concern","Pending Manual Review","Pending Manual Review","No Automated Concern","Pass","No Missing Alt Text Detected","No Automated Concern","Automated Checks Passed","","Pending Manual Reviewer","",""
"ACC-0174","1.0.0","2026-08-01","templates/ETF_Trade_Execution_Reconciliation.md","Pass","No Automated Concern","Pending Manual Review","Pending Manual Review","No Automated Concern","Pass","No Missing Alt Text Detected","No Automated Concern","Automated Checks Passed","","Pending Manual Reviewer","",""
"ACC-0175","1.0.0","2026-08-01","templates/Financial_Account_Closure_Checklist.md","Pass","No Automated Concern","Pending Manual Review","Pending Manual Review","No Automated Concern","Pass","No Missing Alt Text Detected","No Automated Concern","Automated Checks Passed","","Pending Manual Reviewer","",""
"ACC-0176","1.0.0","2026-08-01","templates/Financial_Continuity_Activation_Checklist.md","Pass","No Automated Concern","Pending Manual Review","Pending Manual Review","No Automated Concern","Pass","No Missing Alt Text Detected","No Automated Concern","Automated Checks Passed","","Pending Manual Reviewer","",""
"ACC-0177","1.0.0","2026-08-01","templates/Financial_Continuity_Tabletop_Exercise.md","Pass","No Automated Concern","Pending Manual Review","Pending Manual Review","No Automated Concern","Pass","No Missing Alt Text Detected","No Automated Concern","Automated Checks Passed","","Pending Manual Reviewer","",""
"ACC-0178","1.0.0","2026-08-01","templates/Financial_Data_Source_Due_Diligence_Checklist.md","Pass","No Automated Concern","Pending Manual Review","Pending Manual Review","No Automated Concern","Pass","No Missing Alt Text Detected","No Automated Concern","Automated Checks Passed","","Pending Manual Reviewer","",""
"ACC-0179","1.0.0","2026-08-01","templates/Financial_Decision_Outcome_Review.md","Pass","No Automated Concern","Pending Manual Review","Pending Manual Review","No Automated Concern","Pass","No Missing Alt Text Detected","No Automated Concern","Automated Checks Passed","","Pending Manual Reviewer","",""
"ACC-0180","1.0.0","2026-08-01","templates/Financial_Decision_Pre_Mortem_Worksheet.md","Pass","No Automated Concern","Pending Manual Review","Pending Manual Review","No Automated Concern","Pass","No Missing Alt Text Detected","No Automated Concern","Automated Checks Passed","","Pending Manual Reviewer","",""
"ACC-0181","1.0.0","2026-08-01","templates/Financial_Decision_Red_Team_Review.md","Pass","No Automated Concern","Pending Manual Review","Pending Manual Review","No Automated Concern","Pass","No Missing Alt Text Detected","No Automated Concern","Automated Checks Passed","","Pending Manual Reviewer","",""
"ACC-0182","1.0.0","2026-08-01","templates/Financial_Fraud_First_Hour_Checklist.md","Pass","No Automated Concern","Pending Manual Review","Pending Manual Review","No Automated Concern","Pass","No Missing Alt Text Detected","No Automated Concern","Automated Checks Passed","","Pending Manual Reviewer","",""
"ACC-0183","1.0.0","2026-08-01","templates/Financial_Fraud_Incident_Report.md","Pass","No Automated Concern","Pending Manual Review","Pending Manual Review","No Automated Concern","Pass","No Missing Alt Text Detected","No Automated Concern","Automated Checks Passed","","Pending Manual Reviewer","",""
"ACC-0184","1.0.0","2026-08-01","templates/Financial_Goal_Completion_and_Capital_Reassignment_Record.md","Pass","No Automated Concern","Pending Manual Review","Pending Manual Review","No Automated Concern","Pass","No Missing Alt Text Detected","No Automated Concern","Automated Checks Passed","","Pending Manual Reviewer","",""
"ACC-0185","1.0.0","2026-08-01","templates/Financial_Goal_Definition_and_Approval_Record.md","Pass","No Automated Concern","Pending Manual Review","Pending Manual Review","No Automated Concern","Pass","No Missing Alt Text Detected","No Automated Concern","Automated Checks Passed","","Pending Manual Reviewer","",""
"ACC-0186","1.0.0","2026-08-01","templates/Financial_Incident_Emergency_Contact_Plan.md","Pass","No Automated Concern","Pending Manual Review","Pending Manual Review","No Automated Concern","Pass","No Missing Alt Text Detected","No Automated Concern","Automated Checks Passed","","Pending Manual Reviewer","",""
"ACC-0187","1.0.0","2026-08-01","templates/Foreign_Exchange_Provider_Due_Diligence_Checklist.md","Pass","No Automated Concern","Pending Manual Review","Pending Manual Review","No Automated Concern","Pass","No Missing Alt Text Detected","No Automated Concern","Automated Checks Passed","","Pending Manual Reviewer","",""
"ACC-0188","1.0.0","2026-08-01","templates/Household_Currency_Conversion_Policy.md","Pass","No Automated Concern","Pending Manual Review","Pending Manual Review","No Automated Concern","Pass","No Missing Alt Text Detected","No Automated Concern","Automated Checks Passed","","Pending Manual Reviewer","",""
"ACC-0189","1.0.0","2026-08-01","templates/Household_Financial_Continuity_Plan.md","Pass","No Automated Concern","Pending Manual Review","Pending Manual Review","No Automated Concern","Pass","No Missing Alt Text Detected","No Automated Concern","Automated Checks Passed","","Pending Manual Reviewer","",""
"ACC-0190","1.0.0","2026-08-01","templates/Household_Financial_Responsibility_Matrix.md","Pass","No Automated Concern","Pending Manual Review","Pending Manual Review","No Automated Concern","Pass","No Missing Alt Text Detected","No Automated Concern","Automated Checks Passed","","Pending Manual Reviewer","",""
"ACC-0191","1.0.0","2026-08-01","templates/Household_Investment_Governance_Meeting_Minutes.md","Pass","No Automated Concern","Pending Manual Review","Pending Manual Review","No Automated Concern","Pass","No Missing Alt Text Detected","No Automated Concern","Automated Checks Passed","","Pending Manual Reviewer","",""
"ACC-0192","1.0.0","2026-08-01","templates/Household_Investment_Loss_Capacity_Assessment.md","Pass","No Automated Concern","Pending Manual Review","Pending Manual Review","No Automated Concern","Pass","No Missing Alt Text Detected","No Automated Concern","Automated Checks Passed","","Pending Manual Reviewer","",""
"ACC-0193","1.0.0","2026-08-01","templates/Independent_Broker_Account_and_Position_Inventory.md","Pass","No Automated Concern","Pending Manual Review","Pending Manual Review","No Automated Concern","Pass","No Missing Alt Text Detected","No Automated Concern","Automated Checks Passed","","Pending Manual Reviewer","",""
"ACC-0194","1.0.0","2026-08-01","templates/Index_Reconstitution_Impact_Assessment.md","Pass","No Automated Concern","Pending Manual Review","Pending Manual Review","No Automated Concern","Pass","No Missing Alt Text Detected","No Automated Concern","Automated Checks Passed","","Pending Manual Reviewer","",""
"ACC-0195","1.0.0","2026-08-01","templates/Inflation_and_Real_Return_Review_Checklist.md","Pass","No Automated Concern","Pending Manual Review","Pending Manual Review","No Automated Concern","Pass","No Missing Alt Text Detected","No Automated Concern","Automated Checks Passed","","Pending Manual Reviewer","",""
"ACC-0196","1.0.0","2026-08-01","templates/Insurance_Claim_Incident_Log.md","Pass","No Automated Concern","Pending Manual Review","Pending Manual Review","No Automated Concern","Pass","No Missing Alt Text Detected","No Automated Concern","Automated Checks Passed","","Pending Manual Reviewer","",""
"ACC-0197","1.0.0","2026-08-01","templates/Insurance_Policy_Review_Checklist.md","Pass","No Automated Concern","Pending Manual Review","Pending Manual Review","No Automated Concern","Pass","No Missing Alt Text Detected","No Automated Concern","Automated Checks Passed","","Pending Manual Reviewer","",""
"ACC-0198","1.0.0","2026-08-01","templates/Investable_Capital_Decision_Checklist.md","Pass","No Automated Concern","Pending Manual Review","Pending Manual Review","No Automated Concern","Pass","No Missing Alt Text Detected","No Automated Concern","Automated Checks Passed","","Pending Manual Reviewer","",""
"ACC-0199","1.0.0","2026-08-01","templates/Investment_Account_Funding_Verification_Record.md","Pass","No Automated Concern","Pending Manual Review","Pending Manual Review","No Automated Concern","Pass","No Missing Alt Text Detected","No Automated Concern","Automated Checks Passed","","Pending Manual Reviewer","",""
"ACC-0200","1.0.0","2026-08-01","templates/Investment_Calculation_Review_Checklist.md","Pass","No Automated Concern","Pending Manual Review","Pending Manual Review","No Automated Concern","Pass","No Missing Alt Text Detected","No Automated Concern","Automated Checks Passed","","Pending Manual Reviewer","",""
"ACC-0201","1.0.0","2026-08-01","templates/Investment_Comparison_Standard.md","Pass","No Automated Concern","Pending Manual Review","Pending Manual Review","No Automated Concern","Pass","No Missing Alt Text Detected","No Automated Concern","Automated Checks Passed","","Pending Manual Reviewer","",""
"ACC-0202","1.0.0","2026-08-01","templates/Investment_Control_Test_Worksheet.md","Pass","No Automated Concern","Pending Manual Review","Pending Manual Review","No Automated Concern","Pass","No Missing Alt Text Detected","No Automated Concern","Automated Checks Passed","","Pending Manual Reviewer","",""
"ACC-0203","1.0.0","2026-08-01","templates/Investment_Decision_Log_Template.md","Pass","No Automated Concern","Pending Manual Review","Pending Manual Review","No Automated Concern","Pass","No Missing Alt Text Detected","No Automated Concern","Automated Checks Passed","","Pending Manual Reviewer","",""
"ACC-0204","1.0.0","2026-08-01","templates/Investment_Governance_Issue_and_Remediation_Plan.md","Pass","No Automated Concern","Pending Manual Review","Pending Manual Review","No Automated Concern","Pass","No Missing Alt Text Detected","No Automated Concern","Automated Checks Passed","","Pending Manual Reviewer","",""
"ACC-0205","1.0.0","2026-08-01","templates/Investment_Performance_Attribution_Review.md","Pass","No Automated Concern","Pending Manual Review","Pending Manual Review","No Automated Concern","Pass","No Missing Alt Text Detected","No Automated Concern","Automated Checks Passed","","Pending Manual Reviewer","",""
"ACC-0206","1.0.0","2026-08-01","templates/Investment_Policy_Exception_Request.md","Pass","No Automated Concern","Pending Manual Review","Pending Manual Review","No Automated Concern","Pass","No Missing Alt Text Detected","No Automated Concern","Automated Checks Passed","","Pending Manual Reviewer","",""
"ACC-0207","1.0.0","2026-08-01","templates/Investment_Pre_Mortem_Template.md","Pass","No Automated Concern","Pending Manual Review","Pending Manual Review","No Automated Concern","Pass","No Missing Alt Text Detected","No Automated Concern","Automated Checks Passed","","Pending Manual Reviewer","",""
"ACC-0208","1.0.0","2026-08-01","templates/Investment_Readiness_Assessment.md","Pass","No Automated Concern","Pending Manual Review","Pending Manual Review","No Automated Concern","Pass","No Missing Alt Text Detected","No Automated Concern","Automated Checks Passed","","Pending Manual Reviewer","",""
"ACC-0209","1.0.0","2026-08-01","templates/Investment_Research_Template.md","Pass","No Automated Concern","Pending Manual Review","Pending Manual Review","No Automated Concern","Pass","No Missing Alt Text Detected","No Automated Concern","Automated Checks Passed","","Pending Manual Reviewer","",""
"ACC-0210","1.0.0","2026-08-01","templates/Investor_Protection_and_Asset_Recovery_Claim_Package.md","Pass","No Automated Concern","Pending Manual Review","Pending Manual Review","No Automated Concern","Pass","No Missing Alt Text Detected","No Automated Concern","Automated Checks Passed","","Pending Manual Reviewer","",""
"ACC-0211","1.0.0","2026-08-01","templates/Master_Financial_Map_Template.md","Pass","No Automated Concern","Pending Manual Review","Pending Manual Review","No Automated Concern","Pass","No Missing Alt Text Detected","No Automated Concern","Automated Checks Passed","","Pending Manual Reviewer","",""
"ACC-0212","1.0.0","2026-08-01","templates/Material_Financial_Decision_Journal.md","Pass","No Automated Concern","Pending Manual Review","Pending Manual Review","No Automated Concern","Pass","No Missing Alt Text Detected","No Automated Concern","Automated Checks Passed","","Pending Manual Reviewer","",""
"ACC-0213","1.0.0","2026-08-01","templates/Monthly_Brokerage_Account_Review.md","Pass","No Automated Concern","Pending Manual Review","Pending Manual Review","No Automated Concern","Pass","No Missing Alt Text Detected","No Automated Concern","Automated Checks Passed","","Pending Manual Reviewer","",""
"ACC-0214","1.0.0","2026-08-01","templates/Monthly_Cash_and_Liquidity_Review.md","Pass","No Automated Concern","Pending Manual Review","Pending Manual Review","No Automated Concern","Pass","No Missing Alt Text Detected","No Automated Concern","Automated Checks Passed","","Pending Manual Reviewer","",""
"ACC-0215","1.0.0","2026-08-01","templates/Monthly_Financial_Close_Certification.md","Pass","No Automated Concern","Pending Manual Review","Pending Manual Review","No Automated Concern","Pass","No Missing Alt Text Detected","No Automated Concern","Automated Checks Passed","","Pending Manual Reviewer","",""
"ACC-0216","1.0.0","2026-08-01","templates/Monthly_Financial_Management_Dashboard.md","Pass","No Automated Concern","Pending Manual Review","Pending Manual Review","No Automated Concern","Pass","No Missing Alt Text Detected","No Automated Concern","Automated Checks Passed","","Pending Manual Reviewer","",""
"ACC-0217","1.0.0","2026-08-01","templates/Monthly_Household_Financial_Close_Checklist.md","Pass","No Automated Concern","Pending Manual Review","Pending Manual Review","No Automated Concern","Pass","No Missing Alt Text Detected","No Automated Concern","Automated Checks Passed","","Pending Manual Reviewer","",""
"ACC-0218","1.0.0","2026-08-01","templates/Monthly_Multi_Currency_Cash_Review.md","Pass","No Automated Concern","Pending Manual Review","Pending Manual Review","No Automated Concern","Pass","No Missing Alt Text Detected","No Automated Concern","Automated Checks Passed","","Pending Manual Reviewer","",""
"ACC-0219","1.0.0","2026-08-01","templates/Monthly_Retirement_Cash_Flow_Review.md","Pass","No Automated Concern","Pending Manual Review","Pending Manual Review","No Automated Concern","Pass","No Missing Alt Text Detected","No Automated Concern","Automated Checks Passed","","Pending Manual Reviewer","",""
"ACC-0220","1.0.0","2026-08-01","templates/Monthly_Retirement_Income_Review.md","Pass","No Automated Concern","Pending Manual Review","Pending Manual Review","No Automated Concern","Pass","No Missing Alt Text Detected","No Automated Concern","Automated Checks Passed","","Pending Manual Reviewer","",""
"ACC-0221","1.0.0","2026-08-01","templates/Mortgage_and_Property_Purchase_Review.md","Pass","No Automated Concern","Pending Manual Review","Pending Manual Review","No Automated Concern","Pass","No Missing Alt Text Detected","No Automated Concern","Automated Checks Passed","","Pending Manual Reviewer","",""
"ACC-0222","1.0.0","2026-08-01","templates/New_Debt_and_Leverage_Decision_Gate.md","Pass","No Automated Concern","Pending Manual Review","Pending Manual Review","No Automated Concern","Pass","No Missing Alt Text Detected","No Automated Concern","Automated Checks Passed","","Pending Manual Reviewer","",""
"ACC-0223","1.0.0","2026-08-01","templates/Personal_Balance_Sheet_Summary_Template.md","Pass","No Automated Concern","Pending Manual Review","Pending Manual Review","No Automated Concern","Pass","No Missing Alt Text Detected","No Automated Concern","Automated Checks Passed","","Pending Manual Reviewer","",""
"ACC-0224","1.0.0","2026-08-01","templates/Personal_Inflation_Calculation_Worksheet.md","Pass","No Automated Concern","Pending Manual Review","Pending Manual Review","No Automated Concern","Pass","No Missing Alt Text Detected","No Automated Concern","Automated Checks Passed","","Pending Manual Reviewer","",""
"ACC-0225","1.0.0","2026-08-01","templates/Personal_Investment_Policy_Template.md","Pass","No Automated Concern","Pending Manual Review","Pending Manual Review","No Automated Concern","Pass","No Missing Alt Text Detected","No Automated Concern","Automated Checks Passed","","Pending Manual Reviewer","",""
"ACC-0226","1.0.0","2026-08-01","templates/Portfolio_Analytics_Exception_Record.md","Pass","No Automated Concern","Pending Manual Review","Pending Manual Review","No Automated Concern","Pass","No Missing Alt Text Detected","No Automated Concern","Automated Checks Passed","","Pending Manual Reviewer","",""
"ACC-0227","1.0.0","2026-08-01","templates/Portfolio_Analytics_Formula_Approval_Record.md","Pass","No Automated Concern","Pending Manual Review","Pending Manual Review","No Automated Concern","Pass","No Missing Alt Text Detected","No Automated Concern","Automated Checks Passed","","Pending Manual Reviewer","",""
"ACC-0228","1.0.0","2026-08-01","templates/Portfolio_Data_Quality_Review_Checklist.md","Pass","No Automated Concern","Pending Manual Review","Pending Manual Review","No Automated Concern","Pass","No Missing Alt Text Detected","No Automated Concern","Automated Checks Passed","","Pending Manual Reviewer","",""
"ACC-0229","1.0.0","2026-08-01","templates/Portfolio_Performance_Reconciliation_Checklist.md","Pass","No Automated Concern","Pending Manual Review","Pending Manual Review","No Automated Concern","Pass","No Missing Alt Text Detected","No Automated Concern","Automated Checks Passed","","Pending Manual Reviewer","",""
"ACC-0230","1.0.0","2026-08-01","templates/Portfolio_Rebalancing_Decision_Checklist.md","Pass","No Automated Concern","Pending Manual Review","Pending Manual Review","No Automated Concern","Pass","No Missing Alt Text Detected","No Automated Concern","Automated Checks Passed","","Pending Manual Reviewer","",""
"ACC-0231","1.0.0","2026-08-01","templates/Portfolio_Report_Reproducibility_Record.md","Pass","No Automated Concern","Pending Manual Review","Pending Manual Review","No Automated Concern","Pass","No Missing Alt Text Detected","No Automated Concern","Automated Checks Passed","","Pending Manual Reviewer","",""
"ACC-0232","1.0.0","2026-08-01","templates/Portfolio_Stress_Test_Template.md","Pass","No Automated Concern","Pending Manual Review","Pending Manual Review","No Automated Concern","Pass","No Missing Alt Text Detected","No Automated Concern","Automated Checks Passed","","Pending Manual Reviewer","",""
"ACC-0233","1.0.0","2026-08-01","templates/Portfolio_Withdrawal_Execution_Reconciliation.md","Pass","No Automated Concern","Pending Manual Review","Pending Manual Review","No Automated Concern","Pass","No Missing Alt Text Detected","No Automated Concern","Automated Checks Passed","","Pending Manual Reviewer","",""
"ACC-0234","1.0.0","2026-08-01","templates/Portfolio_Withdrawal_Request_and_Approval_Checklist.md","Pass","No Automated Concern","Pending Manual Review","Pending Manual Review","No Automated Concern","Pass","No Missing Alt Text Detected","No Automated Concern","Automated Checks Passed","","Pending Manual Reviewer","",""
"ACC-0235","1.0.0","2026-08-01","templates/Post_Incident_Fraud_Control_Review.md","Pass","No Automated Concern","Pending Manual Review","Pending Manual Review","No Automated Concern","Pass","No Missing Alt Text Detected","No Automated Concern","Automated Checks Passed","","Pending Manual Reviewer","",""
"ACC-0236","1.0.0","2026-08-01","templates/Post_Trade_Settlement_and_Reconciliation_Checklist.md","Pass","No Automated Concern","Pending Manual Review","Pending Manual Review","No Automated Concern","Pass","No Missing Alt Text Detected","No Automated Concern","Automated Checks Passed","","Pending Manual Reviewer","",""
"ACC-0237","1.0.0","2026-08-01","templates/Pre_Investment_Liquidity_Gate.md","Pass","No Automated Concern","Pending Manual Review","Pending Manual Review","No Automated Concern","Pass","No Missing Alt Text Detected","No Automated Concern","Automated Checks Passed","","Pending Manual Reviewer","",""
"ACC-0238","1.0.0","2026-08-01","templates/Pre_Trade_Execution_Checklist.md","Pass","No Automated Concern","Pending Manual Review","Pending Manual Review","No Automated Concern","Pass","No Missing Alt Text Detected","No Automated Concern","Automated Checks Passed","","Pending Manual Reviewer","",""
"ACC-0239","1.0.0","2026-08-01","templates/Pre_Trade_Verification_Checklist.md","Pass","No Automated Concern","Pending Manual Review","Pending Manual Review","No Automated Concern","Pass","No Missing Alt Text Detected","No Automated Concern","Automated Checks Passed","","Pending Manual Reviewer","",""
"ACC-0240","1.0.0","2026-08-01","templates/Professional_and_Service_Provider_Due_Diligence_Checklist.md","Pass","No Automated Concern","Pending Manual Review","Pending Manual Review","No Automated Concern","Pass","No Missing Alt Text Detected","No Automated Concern","Automated Checks Passed","","Pending Manual Reviewer","",""
"ACC-0241","1.0.0","2026-08-01","templates/Professional_Consultation_Meeting_Notes.md","Pass","No Automated Concern","Pending Manual Review","Pending Manual Review","No Automated Concern","Pass","No Missing Alt Text Detected","No Automated Concern","Automated Checks Passed","","Pending Manual Reviewer","",""
"ACC-0242","1.0.0","2026-08-01","templates/Professional_Consultation_Preparation_Checklist.md","Pass","No Automated Concern","Pending Manual Review","Pending Manual Review","No Automated Concern","Pass","No Missing Alt Text Detected","No Automated Concern","Automated Checks Passed","","Pending Manual Reviewer","",""
"ACC-0243","1.0.0","2026-08-01","templates/Professional_Engagement_Scope_and_Approval_Record.md","Pass","No Automated Concern","Pending Manual Review","Pending Manual Review","No Automated Concern","Pass","No Missing Alt Text Detected","No Automated Concern","Automated Checks Passed","","Pending Manual Reviewer","",""
"ACC-0244","1.0.0","2026-08-01","templates/Property_Investment_Final_Review.md","Pass","No Automated Concern","Pending Manual Review","Pending Manual Review","No Automated Concern","Pass","No Missing Alt Text Detected","No Automated Concern","Automated Checks Passed","","Pending Manual Reviewer","",""
"ACC-0245","1.0.0","2026-08-01","templates/Property_Possession_and_Delivery_Record.md","Pass","No Automated Concern","Pending Manual Review","Pending Manual Review","No Automated Concern","Pass","No Missing Alt Text Detected","No Automated Concern","Automated Checks Passed","","Pending Manual Reviewer","",""
"ACC-0246","1.0.0","2026-08-01","templates/Property_Purchase_and_Closing_Checklist.md","Pass","No Automated Concern","Pending Manual Review","Pending Manual Review","No Automated Concern","Pass","No Missing Alt Text Detected","No Automated Concern","Automated Checks Passed","","Pending Manual Reviewer","",""
"ACC-0247","1.0.0","2026-08-01","templates/Property_Sale_and_Closing_Checklist.md","Pass","No Automated Concern","Pending Manual Review","Pending Manual Review","No Automated Concern","Pass","No Missing Alt Text Detected","No Automated Concern","Automated Checks Passed","","Pending Manual Reviewer","",""
"ACC-0248","1.0.0","2026-08-01","templates/Publication_and_Post_Release_Verification_Checklist.md","Pass","No Automated Concern","Pending Manual Review","Pending Manual Review","No Automated Concern","Pass","No Missing Alt Text Detected","No Automated Concern","Automated Checks Passed","","Pending Manual Reviewer","",""
"ACC-0249","1.0.0","2026-08-01","templates/Purchasing_Power_Risk_Assessment.md","Pass","No Automated Concern","Pending Manual Review","Pending Manual Review","No Automated Concern","Pass","No Missing Alt Text Detected","No Automated Concern","Automated Checks Passed","","Pending Manual Reviewer","",""
"ACC-0250","1.0.0","2026-08-01","templates/Quarterly_Financial_Goal_Review.md","Pass","No Automated Concern","Pending Manual Review","Pending Manual Review","No Automated Concern","Pass","No Missing Alt Text Detected","No Automated Concern","Automated Checks Passed","","Pending Manual Reviewer","",""
"ACC-0251","1.0.0","2026-08-01","templates/Quarterly_Household_Financial_Review.md","Pass","No Automated Concern","Pending Manual Review","Pending Manual Review","No Automated Concern","Pass","No Missing Alt Text Detected","No Automated Concern","Automated Checks Passed","","Pending Manual Reviewer","",""
"ACC-0252","1.0.0","2026-08-01","templates/Rebalancing_Trade_Execution_Plan.md","Pass","No Automated Concern","Pending Manual Review","Pending Manual Review","No Automated Concern","Pass","No Missing Alt Text Detected","No Automated Concern","Automated Checks Passed","","Pending Manual Reviewer","",""
"ACC-0253","1.0.0","2026-08-01","templates/Release_Candidate_Approval_Record.md","Pass","No Automated Concern","Pending Manual Review","Pending Manual Review","No Automated Concern","Pass","No Missing Alt Text Detected","No Automated Concern","Automated Checks Passed","","Pending Manual Reviewer","",""
"ACC-0254","1.0.0","2026-08-01","templates/Renovation_Contractor_Due_Diligence_Checklist.md","Pass","No Automated Concern","Pending Manual Review","Pending Manual Review","No Automated Concern","Pass","No Missing Alt Text Detected","No Automated Concern","Automated Checks Passed","","Pending Manual Reviewer","",""
"ACC-0255","1.0.0","2026-08-01","templates/Renovation_Project_Closeout_Checklist.md","Pass","No Automated Concern","Pending Manual Review","Pending Manual Review","No Automated Concern","Pass","No Missing Alt Text Detected","No Automated Concern","Automated Checks Passed","","Pending Manual Reviewer","",""
"ACC-0256","1.0.0","2026-08-01","templates/Rental_Property_Readiness_Checklist.md","Pass","No Automated Concern","Pending Manual Review","Pending Manual Review","No Automated Concern","Pass","No Missing Alt Text Detected","No Automated Concern","Automated Checks Passed","","Pending Manual Reviewer","",""
"ACC-0257","1.0.0","2026-08-01","templates/Repository_Publication_Readiness_Checklist.md","Pass","No Automated Concern","Pending Manual Review","Pending Manual Review","No Automated Concern","Pass","No Missing Alt Text Detected","No Automated Concern","Automated Checks Passed","","Pending Manual Reviewer","",""
"ACC-0258","1.0.0","2026-08-01","templates/Research_Note_with_Evidence_Provenance.md","Pass","No Automated Concern","Pending Manual Review","Pending Manual Review","No Automated Concern","Pass","No Missing Alt Text Detected","No Automated Concern","Automated Checks Passed","","Pending Manual Reviewer","",""
"ACC-0259","1.0.0","2026-08-01","templates/Retirement_Income_and_ETF_Withdrawal_Plan.md","Pass","No Automated Concern","Pending Manual Review","Pending Manual Review","No Automated Concern","Pass","No Missing Alt Text Detected","No Automated Concern","Automated Checks Passed","","Pending Manual Reviewer","",""
"ACC-0260","1.0.0","2026-08-01","templates/Retirement_Withdrawal_Guardrail_Policy.md","Pass","No Automated Concern","Pending Manual Review","Pending Manual Review","No Automated Concern","Pass","No Missing Alt Text Detected","No Automated Concern","Automated Checks Passed","","Pending Manual Reviewer","",""
"ACC-0261","1.0.0","2026-08-01","templates/Retirement_Withdrawal_Policy_Template.md","Pass","No Automated Concern","Pending Manual Review","Pending Manual Review","No Automated Concern","Pass","No Missing Alt Text Detected","No Automated Concern","Automated Checks Passed","","Pending Manual Reviewer","",""
"ACC-0262","1.0.0","2026-08-01","templates/Return_to_Control_and_Continuity_Closure_Checklist.md","Pass","No Automated Concern","Pending Manual Review","Pending Manual Review","No Automated Concern","Pass","No Missing Alt Text Detected","No Automated Concern","Automated Checks Passed","","Pending Manual Reviewer","",""
"ACC-0263","1.0.0","2026-08-01","templates/Secure_Repository_Pre_Commit_Checklist.md","Pass","No Automated Concern","Pending Manual Review","Pending Manual Review","No Automated Concern","Pass","No Missing Alt Text Detected","No Automated Concern","Automated Checks Passed","","Pending Manual Reviewer","",""
"ACC-0264","1.0.0","2026-08-01","templates/Sequence_of_Returns_Risk_Stress_Test.md","Pass","No Automated Concern","Pending Manual Review","Pending Manual Review","No Automated Concern","Pass","No Missing Alt Text Detected","No Automated Concern","Automated Checks Passed","","Pending Manual Reviewer","",""
"ACC-0265","1.0.0","2026-08-01","templates/Service_Provider_Payment_Verification_Record.md","Pass","No Automated Concern","Pending Manual Review","Pending Manual Review","No Automated Concern","Pass","No Missing Alt Text Detected","No Automated Concern","Automated Checks Passed","","Pending Manual Reviewer","",""
"ACC-0266","1.0.0","2026-08-01","templates/Service_Provider_Suspension_and_Termination_Checklist.md","Pass","No Automated Concern","Pending Manual Review","Pending Manual Review","No Automated Concern","Pass","No Missing Alt Text Detected","No Automated Concern","Automated Checks Passed","","Pending Manual Reviewer","",""
"ACC-0267","1.0.0","2026-08-01","templates/Small_Pilot_Final_Review.md","Pass","No Automated Concern","Pending Manual Review","Pending Manual Review","No Automated Concern","Pass","No Missing Alt Text Detected","No Automated Concern","Automated Checks Passed","","Pending Manual Reviewer","",""
"ACC-0268","1.0.0","2026-08-01","templates/Source_Verification_and_Citation_Review_Checklist.md","Pass","No Automated Concern","Pending Manual Review","Pending Manual Review","No Automated Concern","Pass","No Missing Alt Text Detected","No Automated Concern","Automated Checks Passed","","Pending Manual Reviewer","",""
"ACC-0269","1.0.0","2026-08-01","templates/Successor_Broker_Transfer_and_Asset_Reconciliation.md","Pass","No Automated Concern","Pending Manual Review","Pending Manual Review","No Automated Concern","Pass","No Missing Alt Text Detected","No Automated Concern","Automated Checks Passed","","Pending Manual Reviewer","",""
"ACC-0270","1.0.0","2026-08-01","templates/Suspected_Investment_Fraud_Incident_Log.md","Pass","No Automated Concern","Pending Manual Review","Pending Manual Review","No Automated Concern","Pass","No Missing Alt Text Detected","No Automated Concern","Automated Checks Passed","","Pending Manual Reviewer","",""
"ACC-0271","1.0.0","2026-08-01","templates/Tax_Notice_and_Authority_Correspondence_Log.md","Pass","No Automated Concern","Pending Manual Review","Pending Manual Review","No Automated Concern","Pass","No Missing Alt Text Detected","No Automated Concern","Automated Checks Passed","","Pending Manual Reviewer","",""
"ACC-0272","1.0.0","2026-08-01","templates/Tax_Professional_Handoff_Package.md","Pass","No Automated Concern","Pending Manual Review","Pending Manual Review","No Automated Concern","Pass","No Missing Alt Text Detected","No Automated Concern","Automated Checks Passed","","Pending Manual Reviewer","",""
"ACC-0273","1.0.0","2026-08-01","templates/Tax_Record_Retention_Schedule.md","Pass","No Automated Concern","Pending Manual Review","Pending Manual Review","No Automated Concern","Pass","No Missing Alt Text Detected","No Automated Concern","Automated Checks Passed","","Pending Manual Reviewer","",""
"ACC-0274","1.0.0","2026-08-01","templates/Tax_Return_Draft_Review_Checklist.md","Pass","No Automated Concern","Pending Manual Review","Pending Manual Review","No Automated Concern","Pass","No Missing Alt Text Detected","No Automated Concern","Automated Checks Passed","","Pending Manual Reviewer","",""
"ACC-0275","1.0.0","2026-08-01","templates/Tax_Year_Close_and_Filing_Certification.md","Pass","No Automated Concern","Pending Manual Review","Pending Manual Review","No Automated Concern","Pass","No Missing Alt Text Detected","No Automated Concern","Automated Checks Passed","","Pending Manual Reviewer","",""
"ACC-0276","1.0.0","2026-08-01","templates/Tenant_Move_In_Move_Out_Condition_Record.md","Pass","No Automated Concern","Pending Manual Review","Pending Manual Review","No Automated Concern","Pass","No Missing Alt Text Detected","No Automated Concern","Automated Checks Passed","","Pending Manual Reviewer","",""
"ACC-0277","1.0.0","2026-08-01","templates/Terminology_Change_Request.md","Pass","No Automated Concern","Pending Manual Review","Pending Manual Review","No Automated Concern","Pass","No Missing Alt Text Detected","No Automated Concern","Automated Checks Passed","","Pending Manual Reviewer","",""
"ACC-0278","1.0.0","2026-08-01","templates/Transaction_Decision_Gate_Review.md","Pass","No Automated Concern","Pending Manual Review","Pending Manual Review","No Automated Concern","Pass","No Missing Alt Text Detected","No Automated Concern","Automated Checks Passed","","Pending Manual Reviewer","",""
"ACC-0279","1.0.0","2026-08-01","templates/Version_1_Final_Curriculum_Audit_Checklist.md","Pass","No Automated Concern","Pending Manual Review","Pending Manual Review","No Automated Concern","Pass","No Missing Alt Text Detected","No Automated Concern","Automated Checks Passed","","Pending Manual Reviewer","",""
"ACC-0280","1.0.0","2026-08-01","TERMINOLOGY_STYLE_GUIDE.md","Pass","No Automated Concern","Pending Manual Review","Pending Manual Review","No Automated Concern","Pass","No Missing Alt Text Detected","No Automated Concern","Automated Checks Passed","","Pending Manual Reviewer","",""
