Item_ID,Phase,Lesson_or_Task,Required,Started,Completed,Completion_Date,Primary_Evidence,Professional_Review_Required,Reviewer,Current_Status,Next_Action,Target_Date,Notes
1,ETF Fundamentals,What Is an ETF,Yes,No,No,,,No,,Not Started,,,
2,ETF Fundamentals,ETF Costs and Trading,Yes,No,No,,,No,,Not Started,,,
3,ETF Fundamentals,Diversification Risk and Drawdowns,Yes,No,No,,,No,,Not Started,,,
4,ETF Fundamentals,ETF Types and Index Construction,Yes,No,No,,,No,,Not Started,,,
5,Colombia Investments,Colombia Investment Landscape,Yes,No,No,,,No,,Not Started,,,
6,Colombia Investments,CDTs and Fixed Income,Yes,No,No,,,No,,Not Started,,,
7,Colombia Investments,Brokers and Account Safety,Yes,No,No,,,No,,Not Started,,,
8,Cross-Border,Tax and Reporting Checklist,Yes,No,No,,,Yes,,Not Started,,,
9,Cross-Border,Estate and Incapacity Planning,Yes,No,No,,,Yes,,Not Started,,,
10,Research,Investment Policy Statement,Yes,No,No,,,No,,Not Started,,,
11,Research,Research and Decision Logs,Yes,No,No,,,No,,Not Started,,,
12,Research,Monitoring and Annual Review,Yes,No,No,,,No,,Not Started,,,
13,Research,Paper Portfolio and 30-Day Plan,Yes,No,No,,,No,,Not Started,,,
14,Research,Small Real-Money Pilot Controls,No,No,No,,,Yes,,Not Started,,,
15,Portfolio,ETF Screening,Yes,No,No,,,No,,Not Started,,,
16,Portfolio,Multi-Asset Portfolio,Yes,No,No,,,No,,Not Started,,,
17,Portfolio,Retirement Cash Flow,Yes,No,No,,,Yes,,Not Started,,,
18,Safety,Fraud and Scam Detection,Yes,No,No,,,No,,Not Started,,,
19,Property,Distressed Property Investing,No,No,No,,,Yes,,Not Started,,,
20,Property,Property Deal Analysis,No,No,No,,,Yes,,Not Started,,,
21,Property,Financing and Affordability,No,No,No,,,Yes,,Not Started,,,
22,Property,Title Contract and Closing,No,No,No,,,Yes,,Not Started,,,
23,Property,Rental Property Operations,No,No,No,,,Yes,,Not Started,,,
24,Property,Renovation and Contractor Controls,No,No,No,,,Yes,,Not Started,,,
25,Property,Property Sale and Reconciliation,No,No,No,,,Yes,,Not Started,,,
