Mes,Efectivo_Inicial_COP,Seguridad_Social_o_Pension_COP,Ingreso_Laboral_COP,Ingreso_por_Consultoria_COP,Ingreso_de_Inversiones_COP,Ingreso_por_Alquiler_COP,Otros_Ingresos_COP,Ingresos_Totales_COP,Vivienda_COP,Alimentos_COP,Salud_COP,Transporte_COP,Seguros_COP,Impuestos_COP,Apoyo_Familiar_COP,Gastos_Discrecionales_COP,Compras_de_Capital_COP,Gastos_Totales_COP,Superavit_o_Deficit_Mensual_COP,Retiro_del_Portafolio_COP,Efectivo_Final_COP,USD_Convertidos,COP_Recibidos,Tasa_de_Conversion,Comision_de_Conversion_COP,Notas
Enero,,,,,,,,,,,,,,,,,,,,,,,,,,
Febrero,,,,,,,,,,,,,,,,,,,,,,,,,,
Marzo,,,,,,,,,,,,,,,,,,,,,,,,,,
Abril,,,,,,,,,,,,,,,,,,,,,,,,,,
Mayo,,,,,,,,,,,,,,,,,,,,,,,,,,
Junio,,,,,,,,,,,,,,,,,,,,,,,,,,
Julio,,,,,,,,,,,,,,,,,,,,,,,,,,
Agosto,,,,,,,,,,,,,,,,,,,,,,,,,,
Septiembre,,,,,,,,,,,,,,,,,,,,,,,,,,
Octubre,,,,,,,,,,,,,,,,,,,,,,,,,,
Noviembre,,,,,,,,,,,,,,,,,,,,,,,,,,
Diciembre,,,,,,,,,,,,,,,,,,,,,,,,,,
