Month,Beginning_Cash_COP,Social_Security_or_Pension_COP,Employment_Income_COP,Consulting_Income_COP,Investment_Income_COP,Rental_Income_COP,Other_Income_COP,Total_Income_COP,Housing_COP,Food_COP,Medical_COP,Transportation_COP,Insurance_COP,Taxes_COP,Family_Support_COP,Discretionary_Spending_COP,Capital_Purchases_COP,Total_Expenses_COP,Monthly_Surplus_or_Deficit_COP,Portfolio_Withdrawal_COP,Ending_Cash_COP,USD_Converted,COP_Received,Conversion_Rate,Conversion_Fee_COP,Notes
January,,,,,,,,,,,,,,,,,,,,,,,,,,
February,,,,,,,,,,,,,,,,,,,,,,,,,,
March,,,,,,,,,,,,,,,,,,,,,,,,,,
April,,,,,,,,,,,,,,,,,,,,,,,,,,
May,,,,,,,,,,,,,,,,,,,,,,,,,,
June,,,,,,,,,,,,,,,,,,,,,,,,,,
July,,,,,,,,,,,,,,,,,,,,,,,,,,
August,,,,,,,,,,,,,,,,,,,,,,,,,,
September,,,,,,,,,,,,,,,,,,,,,,,,,,
October,,,,,,,,,,,,,,,,,,,,,,,,,,
November,,,,,,,,,,,,,,,,,,,,,,,,,,
December,,,,,,,,,,,,,,,,,,,,,,,,,,
